{
  "citadel_format": 0,
  "biomes": [
    [
      {
        "type": "BIOME_TAG",
        "negate": false,
        "value": "forge:is_overworld"
      },
      {
        "type": "BIOME_TAG",
        "negate": false,
        "value": "forge:is_hot"
      },
      {
        "type": "BIOME_TAG",
        "negate": true,
        "value": "minecraft:is_jungle"
      },
      {
        "type": "BIOME_TAG",
        "negate": true,
        "value": "minecraft:is_badlands"
      },
      {
        "type": "BIOME_TAG",
        "negate": true,
        "value": "forge:is_savanna"
      }
    ],
    [
      {
        "type": "BIOME_TAG",
        "negate": false,
        "value": "forge:is_overworld"
      },
      {
        "type": "BIOME_TAG",
        "negate": false,
        "value": "forge:is_plains"
      },
      {
        "type": "BIOME_TAG",
        "negate": true,
        "value": "forge:is_wet"
      },
      {
        "type": "BIOME_TAG",
        "negate": true,
        "value": "forge:is_cold"
      },
      {
        "type": "BIOME_TAG",
        "negate": true,
        "value": "minecraft:is_jungle"
      },
      {
        "type": "BIOME_TAG",
        "negate": true,
        "value": "minecraft:is_badlands"
      },
      {
        "type": "BIOME_TAG",
        "negate": true,
        "value": "forge:is_savanna"
      },
      {
        "type": "BIOME_TAG",
        "negate": true,
        "value": "minecraft:is_forest"
      }
    ]
  ]
}