{
  "citadel_format": 0,
  "biomes": [
    [
      {
        "type": "BIOME_DICT",
        "negate": false,
        "value": "overworld"
      },
      {
        "type": "BIOME_DICT",
        "negate": true,
        "value": "ocean"
      },
      {
        "type": "BIOME_CATEGORY",
        "negate": true,
        "value": "ocean"
      },
      {
        "type": "BIOME_DICT",
        "negate": true,
        "value": "beach"
      },
      {
        "type": "BIOME_CATEGORY",
        "negate": true,
        "value": "beach"
      }
    ]
  ]
}