{
  "citadel_format": 0,
  "biomes": [
    [
      {
        "type": "BIOME_TAG",
        "negate": false,
        "value": "forge:is_overworld"
      },
      {
        "type": "BIOME_TAG",
        "negate": false,
        "value": "minecraft:is_badlands"
      }
    ],
    [
      {
        "type": "BIOME_TAG",
        "negate": false,
        "value": "forge:is_overworld"
      },
      {
        "type": "BIOME_TAG",
        "negate": false,
        "value": "minecraft:is_mountain"
      }
    ],
    [
      {
        "type": "BIOME_TAG",
        "negate": false,
        "value": "forge:is_overworld"
      },
      {
        "type": "BIOME_TAG",
        "negate": false,
        "value": "minecraft:is_hill"
      }
    ]
  ]
}